{
  "hash": "8b0fd121",
  "configHash": "49ab71dd",
  "lockfileHash": "0d565c31",
  "browserHash": "c2b39e53",
  "optimized": {
    "@angular/common": {
      "src": "../../../../../../node_modules/@angular/common/fesm2022/common.mjs",
      "file": "@angular_common.js",
      "fileHash": "0b0d23bc",
      "needsInterop": false
    },
    "@angular/common/http": {
      "src": "../../../../../../node_modules/@angular/common/fesm2022/http.mjs",
      "file": "@angular_common_http.js",
      "fileHash": "38591463",
      "needsInterop": false
    },
    "@angular/core": {
      "src": "../../../../../../node_modules/@angular/core/fesm2022/core.mjs",
      "file": "@angular_core.js",
      "fileHash": "47533de9",
      "needsInterop": false
    },
    "@angular/forms": {
      "src": "../../../../../../node_modules/@angular/forms/fesm2022/forms.mjs",
      "file": "@angular_forms.js",
      "fileHash": "244e4ba8",
      "needsInterop": false
    },
    "@angular/platform-browser": {
      "src": "../../../../../../node_modules/@angular/platform-browser/fesm2022/platform-browser.mjs",
      "file": "@angular_platform-browser.js",
      "fileHash": "ae14c983",
      "needsInterop": false
    },
    "@angular/router": {
      "src": "../../../../../../node_modules/@angular/router/fesm2022/router.mjs",
      "file": "@angular_router.js",
      "fileHash": "b5169c3d",
      "needsInterop": false
    },
    "rxjs/operators": {
      "src": "../../../../../../node_modules/rxjs/dist/esm5/operators/index.js",
      "file": "rxjs_operators.js",
      "fileHash": "573efee1",
      "needsInterop": false
    },
    "rxjs": {
      "src": "../../../../../../node_modules/rxjs/dist/esm5/index.js",
      "file": "rxjs.js",
      "fileHash": "41a180a7",
      "needsInterop": false
    },
    "@angular/material/snack-bar": {
      "src": "../../../../../../node_modules/@angular/material/fesm2022/snack-bar.mjs",
      "file": "@angular_material_snack-bar.js",
      "fileHash": "a285aa2e",
      "needsInterop": false
    }
  },
  "chunks": {
    "chunk-W4G5QQCL": {
      "file": "chunk-W4G5QQCL.js"
    },
    "chunk-BAWGLR7K": {
      "file": "chunk-BAWGLR7K.js"
    },
    "chunk-QUJZSUO5": {
      "file": "chunk-QUJZSUO5.js"
    },
    "chunk-636JCMZ5": {
      "file": "chunk-636JCMZ5.js"
    },
    "chunk-7CRHLS5I": {
      "file": "chunk-7CRHLS5I.js"
    },
    "chunk-6PNJZOQ4": {
      "file": "chunk-6PNJZOQ4.js"
    },
    "chunk-Z3F4H3BY": {
      "file": "chunk-Z3F4H3BY.js"
    },
    "chunk-ZG272CAW": {
      "file": "chunk-ZG272CAW.js"
    }
  }
}