{
  "users": [
    {
      "name": "Dileep",
      "email": "dileepkumar@gmail.com",
      "id": 1
    },
    {
      "id": 2,
      "name": "Naveen",
      "email": "naveen@gmail.com"
    },
    {
      "name": "Dil",
      "email": "dile@gmail.com",
      "id": 3
    },
    {
      "name": "Mahesh",
      "email": "Mahesh@gmail.com",
      "id": 3
    },
    {
      "name": "Hello",
      "email": "hello@gmail.com",
      "id": 4
    },
    {
      "name": "sfvdas",
      "email": "vdav@dfhn",
      "id": 5
    }
  ]
}