{
  "hash": "cb32aafa",
  "configHash": "d8851b5c",
  "lockfileHash": "0d565c31",
  "browserHash": "dbc965ef",
  "optimized": {
    "@angular/common": {
      "src": "../../../../../../node_modules/@angular/common/fesm2022/common.mjs",
      "file": "@angular_common.js",
      "fileHash": "b699f9f0",
      "needsInterop": false
    },
    "@angular/common/http": {
      "src": "../../../../../../node_modules/@angular/common/fesm2022/http.mjs",
      "file": "@angular_common_http.js",
      "fileHash": "031af538",
      "needsInterop": false
    },
    "@angular/core": {
      "src": "../../../../../../node_modules/@angular/core/fesm2022/core.mjs",
      "file": "@angular_core.js",
      "fileHash": "1edc9216",
      "needsInterop": false
    },
    "@angular/forms": {
      "src": "../../../../../../node_modules/@angular/forms/fesm2022/forms.mjs",
      "file": "@angular_forms.js",
      "fileHash": "6f4bf22e",
      "needsInterop": false
    },
    "@angular/platform-browser": {
      "src": "../../../../../../node_modules/@angular/platform-browser/fesm2022/platform-browser.mjs",
      "file": "@angular_platform-browser.js",
      "fileHash": "d3d272a1",
      "needsInterop": false
    },
    "@angular/platform-server/init": {
      "src": "../../../../../../node_modules/@angular/platform-server/fesm2022/init.mjs",
      "file": "@angular_platform-server_init.js",
      "fileHash": "3ebf49d0",
      "needsInterop": false
    },
    "@angular/router": {
      "src": "../../../../../../node_modules/@angular/router/fesm2022/router.mjs",
      "file": "@angular_router.js",
      "fileHash": "2dbad0a1",
      "needsInterop": false
    },
    "@angular/ssr": {
      "src": "../../../../../../node_modules/@angular/ssr/fesm2022/ssr.mjs",
      "file": "@angular_ssr.js",
      "fileHash": "1fb6c6c9",
      "needsInterop": false
    },
    "@angular/ssr/node": {
      "src": "../../../../../../node_modules/@angular/ssr/fesm2022/node.mjs",
      "file": "@angular_ssr_node.js",
      "fileHash": "eeb63ed7",
      "needsInterop": false
    },
    "express": {
      "src": "../../../../../../node_modules/express/index.js",
      "file": "express.js",
      "fileHash": "a7324c5a",
      "needsInterop": true
    },
    "rxjs/operators": {
      "src": "../../../../../../node_modules/rxjs/dist/cjs/operators/index.js",
      "file": "rxjs_operators.js",
      "fileHash": "a3c0d31b",
      "needsInterop": true
    },
    "rxjs": {
      "src": "../../../../../../node_modules/rxjs/dist/cjs/index.js",
      "file": "rxjs.js",
      "fileHash": "3b694a19",
      "needsInterop": true
    },
    "@angular/material/snack-bar": {
      "src": "../../../../../../node_modules/@angular/material/fesm2022/snack-bar.mjs",
      "file": "@angular_material_snack-bar.js",
      "fileHash": "bfaaaa0f",
      "needsInterop": false
    }
  },
  "chunks": {
    "chunk-LUNVKOSG": {
      "file": "chunk-LUNVKOSG.js"
    },
    "xhr2-E5RTESSH": {
      "file": "xhr2-E5RTESSH.js"
    },
    "chunk-B6XG3CG5": {
      "file": "chunk-B6XG3CG5.js"
    },
    "chunk-LUMH47O7": {
      "file": "chunk-LUMH47O7.js"
    },
    "chunk-AXOFJDK2": {
      "file": "chunk-AXOFJDK2.js"
    },
    "chunk-DR5X2WSG": {
      "file": "chunk-DR5X2WSG.js"
    },
    "chunk-CNGBFKFU": {
      "file": "chunk-CNGBFKFU.js"
    },
    "chunk-K5QQPMWD": {
      "file": "chunk-K5QQPMWD.js"
    },
    "chunk-2XLRDDJW": {
      "file": "chunk-2XLRDDJW.js"
    },
    "chunk-43KPLV43": {
      "file": "chunk-43KPLV43.js"
    },
    "chunk-TXGYY7YM": {
      "file": "chunk-TXGYY7YM.js"
    },
    "chunk-6DU2HRTW": {
      "file": "chunk-6DU2HRTW.js"
    }
  }
}